playerID,Total_Wins,Total_Losses,Total_Games,Win_Percentage,First_Yr_Mgr,Last_Yr_Mgr,Yrs_As_Mgr,Avg_Rank
actama99,372.0,518.0,890.0,0.41797752808988764,2007.0,2012.0,6.0,4.166666666666667
adairbi99,4.0,6.0,10.0,0.4,1970.0,1970.0,1.0,6.0
adcocjo01,75.0,87.0,162.0,0.46296296296296297,1967.0,1967.0,1.0,8.0
addybo01,8.0,23.0,31.0,0.25806451612903225,1875.0,1877.0,2.0,5.5
allenbo01,87.0,87.0,179.0,0.4860335195530726,1890.0,1900.0,2.0,5.0
allisdo01,2.0,21.0,23.0,0.08695652173913043,1873.0,1873.0,1.0,8.0
alomasa02,3.0,3.0,6.0,0.5,2012.0,2012.0,1.0,5.0
aloufe01,1033.0,1021.0,2054.0,0.502921129503408,1992.0,2006.0,14.0,3.0
alstowa01,2040.0,1613.0,3658.0,0.5576817933296884,1954.0,1976.0,23.0,2.9130434782608696
altobjo01,437.0,407.0,844.0,0.5177725118483413,1977.0,1991.0,7.0,3.5714285714285716
amalfjo01,66.0,116.0,185.0,0.3567567567567568,1979.0,1981.0,3.0,5.333333333333333
andersp01,2194.0,1834.0,4030.0,0.5444168734491315,1970.0,1995.0,26.0,2.8846153846153846
ansonca01,1296.0,947.0,2288.0,0.5664335664335665,1875.0,1898.0,21.0,3.761904761904762
applilu01,10.0,30.0,40.0,0.25,1967.0,1967.0,1.0,10.0
armoubi99,382.0,347.0,736.0,0.5190217391304348,1902.0,1906.0,5.0,4.2
asproke01,220.0,260.0,480.0,0.4583333333333333,1972.0,1974.0,3.0,5.0
ausmubr01,386.0,422.0,808.0,0.4777227722772277,2014.0,2019.0,5.0,3.4
austiji01,31.0,44.0,75.0,0.41333333333333333,1913.0,1923.0,3.0,6.0
bakerde01,419.0,360.0,785.0,0.5337579617834395,1933.0,1960.0,10.0,3.7
bakerdu01,1861.0,1636.0,3498.0,0.5320182961692396,1993.0,2017.0,22.0,2.5
baldero01,101.0,61.0,162.0,0.6234567901234568,2019.0,2019.0,1.0,1.0
bambege01,458.0,478.0,936.0,0.4893162393162393,1978.0,1986.0,7.0,4.571428571428571
bancrda01,249.0,363.0,615.0,0.40487804878048783,1924.0,1927.0,4.0,6.75
bancrfr99,375.0,333.0,718.0,0.5222841225626741,1880.0,1902.0,9.0,4.444444444444445
banisje01,325.0,313.0,638.0,0.5094043887147336,2015.0,2018.0,4.0,2.5
barajro01,1.0,7.0,8.0,0.125,2019.0,2019.0,1.0,5.0
barklsa01,21.0,36.0,58.0,0.3620689655172414,1888.0,1888.0,1.0,8.0
barnibi01,632.0,810.0,1480.0,0.42702702702702705,1883.0,1898.0,14.0,7.142857142857143
barroed99,310.0,320.0,639.0,0.48513302034428796,1903.0,1920.0,5.0,4.8
barryja01,90.0,62.0,157.0,0.5732484076433121,1917.0,1917.0,1.0,2.0
battijo01,9.0,23.0,32.0,0.28125,1883.0,1884.0,3.0,7.333333333333333
bauerha01,594.0,544.0,1139.0,0.5215100965759438,1961.0,1969.0,8.0,4.5
baylodo01,627.0,689.0,1317.0,0.4760820045558087,1993.0,2002.0,9.0,3.888888888888889
bellbu01,519.0,724.0,1243.0,0.417538213998391,1996.0,2007.0,9.0,4.555555555555555
bellda01,75.0,87.0,162.0,0.46296296296296297,2019.0,2019.0,1.0,4.0
bensove01,1.0,0.0,1.0,1.0,1977.0,1977.0,1.0,6.0
berrayo01,484.0,444.0,930.0,0.5204301075268817,1964.0,1985.0,7.0,2.5714285714285716
bevinte99,222.0,214.0,437.0,0.5080091533180778,1995.0,1997.0,3.0,2.3333333333333335
bezdehu99,166.0,187.0,356.0,0.46629213483146065,1917.0,1919.0,3.0,5.333333333333333
bicke99,0.0,1.0,1.0,0.0,1884.0,1884.0,1.0,12.0
birmijo01,170.0,191.0,368.0,0.46195652173913043,1912.0,1915.0,4.0,5.75
bissode01,25.0,34.0,60.0,0.4166666666666667,1945.0,1945.0,1.0,6.0
blackbu02,898.0,950.0,1848.0,0.48593073593073594,2007.0,2019.0,12.0,3.4166666666666665
blackle01,99.0,133.0,232.0,0.4267241379310345,1928.0,1929.0,2.0,6.0
bladera01,107.0,85.0,195.0,0.5487179487179488,1939.0,1948.0,3.0,2.6666666666666665
blairwa01,1.0,1.0,2.0,0.5,1915.0,1915.0,1.0,6.0
bluegos01,375.0,394.0,772.0,0.48575129533678757,1943.0,1947.0,5.0,4.6
bochybr01,2002.0,2028.0,4030.0,0.4967741935483871,1995.0,2019.0,25.0,2.96
bogarti01,14.0,8.0,22.0,0.6363636363636364,2014.0,2014.0,1.0,5.0
bolesjo99,205.0,241.0,446.0,0.45964125560538116,1996.0,2001.0,4.0,3.5
bondto01,2.0,4.0,6.0,0.3333333333333333,1882.0,1882.0,1.0,8.0
booneaa01,203.0,121.0,324.0,0.6265432098765432,2018.0,2019.0,2.0,1.5
boonebo01,371.0,444.0,815.0,0.45521472392638035,1995.0,2003.0,6.0,4.166666666666667
borosst01,168.0,200.0,368.0,0.45652173913043476,1983.0,1986.0,3.0,4.0
bottoji01,21.0,56.0,78.0,0.2692307692307692,1937.0,1937.0,1.0,8.0
boudrlo01,1162.0,1224.0,2404.0,0.48336106489184694,1942.0,1960.0,16.0,4.875
bowala01,418.0,435.0,853.0,0.4900351699882767,1987.0,2004.0,6.0,3.1666666666666665
bowerfr01,22.0,54.0,76.0,0.2894736842105263,1909.0,1909.0,1.0,8.0
boydbi01,0.0,2.0,2.0,0.0,1875.0,1875.0,1.0,12.0
boyerke01,166.0,190.0,357.0,0.4649859943977591,1978.0,1980.0,3.0,4.0
bradlbi01,97.0,98.0,198.0,0.4898989898989899,1905.0,1914.0,2.0,5.0
bragabo01,443.0,478.0,927.0,0.4778856526429342,1956.0,1966.0,7.0,5.571428571428571
brenlbo01,303.0,262.0,565.0,0.536283185840708,2001.0,2004.0,4.0,2.5
bresnro01,328.0,432.0,775.0,0.4232258064516129,1909.0,1915.0,5.0,5.8
bristda99,657.0,764.0,1424.0,0.461376404494382,1966.0,1980.0,12.0,5.083333333333333
brownda99,19.0,31.0,50.0,0.38,2010.0,2010.0,1.0,4.0
brownfr99,9.0,32.0,41.0,0.21951219512195122,1882.0,1882.0,1.0,8.0
brownmo01,50.0,63.0,114.0,0.43859649122807015,1914.0,1914.0,1.0,8.0
brownto01,64.0,72.0,137.0,0.46715328467153283,1897.0,1898.0,2.0,8.5
bruckea01,3.0,2.0,5.0,0.6,1952.0,1952.0,1.0,6.0
buckeal99,488.0,539.0,1043.0,0.4678811121764142,1889.0,1904.0,10.0,5.4
buffich01,61.0,54.0,116.0,0.5258620689655172,1890.0,1890.0,1.0,5.0
burdoja01,30.0,24.0,54.0,0.5555555555555556,1883.0,1883.0,1.0,1.0
burkeji01,206.0,236.0,445.0,0.46292134831460674,1905.0,1920.0,4.0,5.0
burnhwa99,6.0,22.0,28.0,0.21428571428571427,1887.0,1887.0,1.0,8.0
burnsto01,187.0,170.0,364.0,0.5137362637362637,1892.0,1899.0,3.0,5.333333333333333
burwebi01,1.0,0.0,1.0,1.0,1947.0,1947.0,1.0,7.0
bushdo01,497.0,539.0,1045.0,0.4755980861244019,1923.0,1933.0,7.0,4.857142857142857
butleor99,17.0,36.0,53.0,0.32075471698113206,1883.0,1883.0,1.0,7.0
byrnech99,174.0,172.0,354.0,0.4915254237288136,1885.0,1887.0,3.0,4.666666666666667
callami01,163.0,161.0,324.0,0.5030864197530864,2018.0,2019.0,2.0,3.5
callani01,394.0,458.0,866.0,0.45496535796766746,1903.0,1917.0,7.0,5.714285714285714
campaco01,27.0,14.0,42.0,0.6428571428571429,1890.0,1890.0,1.0,3.0
cantijo99,158.0,297.0,465.0,0.33978494623655914,1907.0,1909.0,3.0,7.666666666666667
careyma01,146.0,161.0,311.0,0.4694533762057878,1932.0,1933.0,2.0,4.5
careyto01,27.0,21.0,49.0,0.5510204081632653,1873.0,1874.0,2.0,2.5
carribi02,489.0,500.0,1003.0,0.48753738783649053,1913.0,1929.0,7.0,4.571428571428571
carutbo01,16.0,32.0,50.0,0.32,1892.0,1892.0,1.0,11.0
cashke01,414.0,396.0,810.0,0.5111111111111111,2015.0,2019.0,5.0,3.4
cavarph01,169.0,213.0,384.0,0.4401041666666667,1951.0,1953.0,3.0,6.666666666666667
cayloop99,163.0,182.0,353.0,0.46175637393767704,1885.0,1887.0,3.0,4.666666666666667
chancfr01,946.0,648.0,1622.0,0.5832305795314426,1905.0,1923.0,11.0,3.1818181818181817
chapmbe01,196.0,276.0,474.0,0.41350210970464135,1945.0,1948.0,4.0,6.75
chapmja01,351.0,502.0,869.0,0.4039125431530495,1876.0,1892.0,11.0,6.454545454545454
chaseha01,86.0,80.0,167.0,0.5149700598802395,1910.0,1911.0,2.0,4.0
clappjo01,174.0,237.0,420.0,0.4142857142857143,1872.0,1883.0,6.0,6.333333333333333
clarkda05,4.0,9.0,13.0,0.3076923076923077,2009.0,2009.0,1.0,5.0
clarkfr01,1602.0,1181.0,2829.0,0.5662778366914104,1897.0,1915.0,19.0,3.789473684210526
clemeja01,13.0,6.0,19.0,0.6842105263157895,1890.0,1890.0,1.0,3.0
clintji01,0.0,11.0,11.0,0.0,1872.0,1872.0,1.0,9.0
cobbty01,479.0,444.0,933.0,0.5133976420150054,1921.0,1926.0,6.0,4.0
cochrmi01,348.0,250.0,600.0,0.58,1934.0,1938.0,7.0,2.0
cohenan01,1.0,0.0,1.0,1.0,1960.0,1960.0,1.0,8.0
colembo01,128.0,165.0,295.0,0.43389830508474575,1943.0,1945.0,3.0,6.0
colemje01,73.0,89.0,163.0,0.44785276073619634,1980.0,1980.0,1.0,6.0
collied01,174.0,160.0,336.0,0.5178571428571429,1924.0,1926.0,3.0,5.333333333333333
colliji01,455.0,376.0,842.0,0.5403800475059383,1901.0,1906.0,6.0,3.1666666666666665
collish01,73.0,134.0,208.0,0.35096153846153844,1931.0,1932.0,2.0,7.0
collite99,995.0,1017.0,2012.0,0.4945328031809145,1994.0,2017.0,13.0,2.6923076923076925
comisch01,840.0,541.0,1410.0,0.5957446808510638,1883.0,1894.0,12.0,3.1666666666666665
connoro01,8.0,37.0,46.0,0.17391304347826086,1896.0,1896.0,1.0,11.0
cookedu01,6.0,6.0,13.0,0.46153846153846156,1948.0,1948.0,1.0,6.0
coombja01,18.0,44.0,63.0,0.2857142857142857,1919.0,1919.0,1.0,8.0
coonejo01,20.0,25.0,46.0,0.43478260869565216,1949.0,1949.0,1.0,4.0
coopece01,171.0,170.0,341.0,0.501466275659824,2007.0,2009.0,3.0,3.6666666666666665
coopedo01,1.0,1.0,2.0,0.5,2011.0,2011.0,1.0,3.0
coraal01,192.0,132.0,324.0,0.5925925925925926,2018.0,2019.0,2.0,2.0
corrapa01,572.0,634.0,1211.0,0.47233691164327,1978.0,1987.0,10.0,4.4
corrire01,52.0,72.0,125.0,0.416,1950.0,1950.0,1.0,6.0
cottich01,98.0,119.0,217.0,0.45161290322580644,1984.0,1986.0,3.0,6.0
counscr01,405.0,381.0,786.0,0.5152671755725191,2015.0,2019.0,5.0,2.6
coxbo01,2504.0,2001.0,4508.0,0.5554569653948536,1978.0,2010.0,29.0,2.413793103448276
craftha01,360.0,485.0,849.0,0.42402826855123676,1957.0,1964.0,8.0,7.625
craigro01,738.0,737.0,1475.0,0.5003389830508475,1978.0,1992.0,10.0,3.6
crandde01,364.0,469.0,833.0,0.4369747899159664,1972.0,1984.0,6.0,5.5
cranesa01,73.0,79.0,154.0,0.474025974025974,1880.0,1884.0,2.0,5.0
cravaga01,91.0,137.0,228.0,0.3991228070175439,1919.0,1920.0,2.0,8.0
cravebi01,91.0,101.0,195.0,0.4666666666666667,1871.0,1876.0,5.0,5.8
creamge01,0.0,8.0,8.0,0.0,1884.0,1884.0,1.0,10.0
cronijo01,1236.0,1055.0,2315.0,0.5339092872570195,1933.0,1947.0,15.0,3.8666666666666667
crookja01,27.0,33.0,62.0,0.43548387096774194,1892.0,1892.0,1.0,9.0
crossla01,8.0,30.0,38.0,0.21052631578947367,1899.0,1899.0,1.0,12.0
cubbami01,3.0,4.0,7.0,0.42857142857142855,1991.0,1991.0,1.0,5.0
curtied99,6.0,19.0,25.0,0.24,1884.0,1884.0,1.0,10.0
cushmch99,21.0,15.0,36.0,0.5833333333333334,1891.0,1891.0,1.0,3.0
cuthbne01,37.0,43.0,80.0,0.4625,1882.0,1882.0,1.0,5.0
dahlebi01,251.0,355.0,615.0,0.408130081300813,1910.0,1913.0,4.0,6.5
darkal01,994.0,954.0,1950.0,0.5097435897435898,1961.0,1977.0,13.0,4.230769230769231
davenji01,56.0,88.0,144.0,0.3888888888888889,1985.0,1985.0,1.0,6.0
davidmo99,35.0,54.0,93.0,0.3763440860215054,1888.0,1888.0,2.0,7.0
davisge01,107.0,139.0,252.0,0.4246031746031746,1895.0,1901.0,3.0,8.0
davisha01,54.0,71.0,127.0,0.4251968503937008,1912.0,1912.0,1.0,5.0
davissp01,1.0,2.0,3.0,0.3333333333333333,1946.0,1946.0,1.0,7.0
dayjo99,29.0,35.0,66.0,0.4393939393939394,1899.0,1899.0,1.0,10.0
deaneha01,2.0,3.0,5.0,0.4,1871.0,1871.0,1.0,8.0
defrato99,16.0,25.0,41.0,0.3902439024390244,2012.0,2012.0,1.0,6.0
dentbu01,36.0,53.0,89.0,0.4044943820224719,1989.0,1990.0,2.0,6.0
dickebi01,57.0,48.0,105.0,0.5428571428571428,1946.0,1946.0,1.0,3.0
diddlha99,7.0,10.0,17.0,0.4117647058823529,1896.0,1896.0,1.0,11.0
dierkla01,435.0,348.0,783.0,0.5555555555555556,1997.0,2001.0,6.0,1.5
dobyla01,37.0,50.0,87.0,0.42528735632183906,1978.0,1978.0,1.0,5.0
donovbi01,245.0,301.0,552.0,0.4438405797101449,1915.0,1921.0,4.0,5.75
donovpa01,684.0,879.0,1597.0,0.4283030682529743,1897.0,1911.0,11.0,6.090909090909091
dooinre01,392.0,370.0,775.0,0.5058064516129033,1910.0,1914.0,5.0,4.2
dorgami01,67.0,70.0,138.0,0.4855072463768116,1879.0,1881.0,3.0,5.666666666666667
dowdto01,31.0,60.0,92.0,0.33695652173913043,1896.0,1897.0,2.0,11.5
doyleja01,40.0,40.0,81.0,0.49382716049382713,1895.0,1898.0,2.0,10.0
dressch01,1008.0,973.0,1990.0,0.5065326633165829,1934.0,1966.0,16.0,4.75
duffyhu01,535.0,671.0,1221.0,0.4381654381654382,1901.0,1922.0,8.0,5.875
dunlafr01,145.0,102.0,252.0,0.5753968253968254,1882.0,1889.0,5.0,5.4
durocle01,2008.0,1709.0,3739.0,0.5370419898368548,1939.0,1973.0,26.0,3.1923076923076925
dwyerfr01,52.0,83.0,137.0,0.3795620437956204,1902.0,1902.0,1.0,7.0
dyered01,446.0,325.0,777.0,0.574002574002574,1946.0,1950.0,5.0,2.4
dykesji01,1406.0,1541.0,2962.0,0.474679270762998,1934.0,1961.0,22.0,5.045454545454546
ebbetch99,38.0,68.0,110.0,0.34545454545454546,1898.0,1898.0,1.0,10.0
edwardo01,173.0,207.0,380.0,0.45526315789473687,1987.0,1989.0,3.0,6.333333333333333
elberki01,27.0,71.0,98.0,0.2755102040816326,1908.0,1908.0,1.0,8.0
eliale01,238.0,300.0,539.0,0.44155844155844154,1982.0,1988.0,4.0,5.0
ellicjo01,6.0,6.0,13.0,0.46153846153846156,1884.0,1884.0,1.0,5.0
elliobo01,58.0,96.0,155.0,0.3741935483870968,1960.0,1960.0,1.0,8.0
ensje01,176.0,167.0,344.0,0.5116279069767442,1929.0,1931.0,3.0,4.0
ermerca01,145.0,129.0,276.0,0.5253623188405797,1967.0,1968.0,2.0,4.5
essiaji01,59.0,63.0,122.0,0.48360655737704916,1991.0,1991.0,1.0,4.0
esterdu01,2.0,8.0,10.0,0.2,1889.0,1889.0,1.0,8.0
eversjo01,180.0,192.0,375.0,0.48,1913.0,1924.0,4.0,6.0
ewingbu01,489.0,395.0,903.0,0.5415282392026578,1890.0,1900.0,7.0,5.0
faatzja01,9.0,24.0,34.0,0.2647058823529412,1890.0,1890.0,1.0,8.0
falkbi01,1.0,0.0,1.0,1.0,1933.0,1933.0,1.0,4.0
fanniji01,116.0,103.0,219.0,0.5296803652968036,1981.0,1984.0,3.0,3.0
farreja02,24.0,27.0,51.0,0.47058823529411764,1881.0,1881.0,1.0,2.0
farrejo03,586.0,548.0,1134.0,0.5167548500881834,2011.0,2017.0,7.0,3.0
farreke01,76.0,77.0,153.0,0.49673202614379086,1957.0,1957.0,1.0,6.0
felskjo01,190.0,194.0,384.0,0.4947916666666667,1985.0,1987.0,3.0,3.6666666666666665
fergubo01,417.0,516.0,949.0,0.43940990516332984,1871.0,1887.0,16.0,5.8125
ferrami01,76.0,98.0,174.0,0.4367816091954023,1983.0,1986.0,2.0,5.0
fessewa99,4.0,7.0,11.0,0.36363636363636365,1890.0,1890.0,1.0,6.0
fitzsfr01,104.0,180.0,286.0,0.36363636363636365,1943.0,1945.0,3.0,7.666666666666667
fletcar01,237.0,383.0,623.0,0.38041733547351525,1923.0,1929.0,5.0,6.2
flintsi01,5.0,12.0,19.0,0.2631578947368421,1879.0,1879.0,1.0,4.0
fogarji01,7.0,9.0,16.0,0.4375,1890.0,1890.0,1.0,5.0
fogelho99,38.0,72.0,114.0,0.3333333333333333,1887.0,1902.0,2.0,8.0
fohlle01,713.0,792.0,1521.0,0.46877054569362264,1915.0,1926.0,11.0,4.818181818181818
fonsele01,120.0,196.0,318.0,0.37735849056603776,1932.0,1934.0,3.0,7.0
foutzda01,264.0,257.0,532.0,0.49624060150375937,1893.0,1896.0,4.0,6.75
foxch01,377.0,371.0,748.0,0.5040106951871658,1970.0,1983.0,7.0,4.0
francte01,1667.0,1409.0,3076.0,0.5419375812743823,1997.0,2019.0,19.0,2.473684210526316
frankhe01,605.0,521.0,1128.0,0.5363475177304965,1965.0,1979.0,7.0,2.857142857142857
frazege99,51.0,65.0,117.0,0.4358974358974359,1890.0,1890.0,2.0,6.0
frazijo01,101.0,106.0,207.0,0.48792270531400966,1976.0,1977.0,2.0,4.5
fregoji01,1028.0,1095.0,2123.0,0.4842204427696656,1978.0,2000.0,15.0,3.7333333333333334
freyji99,323.0,287.0,611.0,0.5286415711947627,1980.0,1986.0,5.0,2.4
friscfr01,1138.0,1078.0,2246.0,0.5066785396260017,1933.0,1951.0,16.0,4.5625
fuchsju99,56.0,98.0,154.0,0.36363636363636365,1929.0,1929.0,1.0,8.0
gaffnjo99,61.0,101.0,169.0,0.3609467455621302,1886.0,1887.0,2.0,7.5
galanma99,13.0,14.0,27.0,0.48148148148148145,1999.0,1999.0,1.0,2.0
galvipu01,7.0,17.0,24.0,0.2916666666666667,1885.0,1885.0,1.0,7.0
ganzejo01,90.0,99.0,190.0,0.47368421052631576,1908.0,1915.0,2.0,6.0
garcida99,307.0,310.0,617.0,0.49756888168557534,1977.0,1982.0,6.0,5.166666666666667
gardero01,1179.0,1251.0,2430.0,0.48518518518518516,2002.0,2019.0,15.0,2.7333333333333334
gardnbi02,330.0,417.0,747.0,0.44176706827309237,1981.0,1987.0,6.0,4.333333333333333
garneph01,985.0,1054.0,2041.0,0.4826065654091132,1992.0,2007.0,15.0,3.8666666666666667
gastoci01,894.0,837.0,1731.0,0.5164644714038128,1989.0,2010.0,13.0,2.769230769230769
gerenbo01,334.0,376.0,710.0,0.4704225352112676,2007.0,2011.0,5.0,3.2
gerhajo01,72.0,61.0,136.0,0.5294117647058824,1883.0,1890.0,2.0,4.0
gessldo01,3.0,8.0,11.0,0.2727272727272727,1914.0,1914.0,1.0,7.0
gibbojo02,793.0,789.0,1582.0,0.5012642225031606,2004.0,2018.0,11.0,3.3636363636363638
gibsoge01,413.0,344.0,759.0,0.544137022397892,1920.0,1934.0,7.0,3.7142857142857144
gibsoki01,353.0,375.0,728.0,0.4848901098901099,2010.0,2014.0,5.0,3.2
giffoji99,74.0,136.0,212.0,0.3490566037735849,1884.0,1886.0,3.0,8.333333333333334
girarjo01,988.0,794.0,1782.0,0.5544332210998878,2006.0,2017.0,11.0,2.272727272727273
glassja01,35.0,35.0,71.0,0.49295774647887325,1889.0,1892.0,2.0,8.0
gleaski01,392.0,364.0,759.0,0.5164690382081687,1919.0,1923.0,5.0,4.4
gomezpr01,346.0,529.0,875.0,0.3954285714285714,1969.0,1980.0,7.0,5.714285714285714
gonzafr99,710.0,692.0,1402.0,0.5064194008559201,2007.0,2016.0,10.0,3.0
gonzami01,9.0,13.0,23.0,0.391304347826087,1938.0,1940.0,2.0,4.5
gordojo01,305.0,308.0,615.0,0.4959349593495935,1958.0,1969.0,6.0,4.833333333333333
gorege01,6.0,9.0,16.0,0.375,1892.0,1892.0,1.0,11.0
goryljo01,34.0,38.0,73.0,0.4657534246575342,1980.0,1981.0,2.0,5.0
gouldch01,11.0,77.0,88.0,0.125,1875.0,1876.0,2.0,8.0
gowdyha01,3.0,1.0,4.0,0.75,1946.0,1946.0,1.0,6.0
graffma99,39.0,17.0,56.0,0.6964285714285714,1876.0,1876.0,1.0,2.0
grammal01,137.0,191.0,328.0,0.4176829268292683,1969.0,1977.0,3.0,5.0
greenan01,274.0,366.0,640.0,0.428125,2016.0,2019.0,4.0,4.75
greenda02,454.0,478.0,932.0,0.4871244635193133,1979.0,1996.0,8.0,3.375
griffcl01,1491.0,1367.0,2918.0,0.5109664153529815,1901.0,1920.0,20.0,4.3
griffmi01,1.0,3.0,4.0,0.25,1898.0,1898.0,1.0,10.0
griffsa01,2.0,4.0,6.0,0.3333333333333333,1891.0,1891.0,1.0,8.0
grimebu01,131.0,171.0,306.0,0.42810457516339867,1937.0,1938.0,2.0,6.5
grimmch01,1287.0,1067.0,2368.0,0.5434966216216216,1932.0,1960.0,19.0,3.526315789473684
grohhe01,7.0,3.0,10.0,0.7,1918.0,1918.0,1.0,3.0
guilloz01,747.0,710.0,1457.0,0.5126973232669869,2004.0,2012.0,9.0,2.6666666666666665
guttedo01,109.0,172.0,281.0,0.3879003558718861,1969.0,1970.0,2.0,5.5
haased01,50.0,71.0,121.0,0.4132231404958678,1985.0,1985.0,1.0,5.0
hackech99,50.0,99.0,150.0,0.3333333333333333,1884.0,1885.0,2.0,6.0
hackst01,199.0,272.0,475.0,0.4189473684210526,1954.0,1958.0,4.0,6.5
halech01,148.0,176.0,324.0,0.4567901234567901,2015.0,2016.0,2.0,3.5
hallmbi01,13.0,36.0,50.0,0.26,1897.0,1897.0,1.0,12.0
haneyfr01,629.0,757.0,1393.0,0.4515434314429289,1939.0,1959.0,10.0,5.0
hanlone01,1313.0,1164.0,2530.0,0.5189723320158103,1889.0,1907.0,19.0,4.315789473684211
hardeme01,3.0,0.0,3.0,1.0,1961.0,1962.0,2.0,5.5
hargrmi01,1188.0,1173.0,2363.0,0.5027507405840034,1991.0,2007.0,16.0,3.1875
harrato01,32.0,44.0,76.0,0.42105263157894735,1992.0,1992.0,1.0,4.0
harrebu01,145.0,129.0,274.0,0.5291970802919708,1990.0,1991.0,2.0,3.5
harribu01,2158.0,2219.0,4410.0,0.48934240362811793,1924.0,1956.0,29.0,4.862068965517241
harrilu01,466.0,488.0,956.0,0.4874476987447699,1961.0,1972.0,8.0,4.875
hartji99,202.0,174.0,383.0,0.5274151436031331,1885.0,1889.0,3.0,4.0
hartjo99,8.0,11.0,19.0,0.42105263157894735,1989.0,1989.0,1.0,6.0
hartnga01,203.0,176.0,383.0,0.5300261096605744,1938.0,1940.0,3.0,3.3333333333333335
hartsro01,166.0,318.0,484.0,0.34297520661157027,1977.0,1979.0,3.0,7.0
hastisc01,10.0,35.0,45.0,0.2222222222222222,1871.0,1872.0,2.0,8.0
hatfijo01,35.0,31.0,68.0,0.5147058823529411,1872.0,1873.0,2.0,3.5
hattogr01,164.0,221.0,386.0,0.42487046632124353,1966.0,1968.0,3.0,9.0
heckegu01,23.0,113.0,138.0,0.16666666666666666,1890.0,1890.0,1.0,8.0
heffndo01,37.0,46.0,83.0,0.4457831325301205,1966.0,1966.0,1.0,7.0
heilblo99,23.0,25.0,50.0,0.46,1900.0,1900.0,1.0,5.0
helmsto01,28.0,36.0,64.0,0.4375,1988.0,1989.0,2.0,3.5
hemusso01,190.0,192.0,384.0,0.4947916666666667,1959.0,1961.0,3.0,5.0
hendebi99,58.0,47.0,106.0,0.5471698113207547,1884.0,1884.0,1.0,4.0
hendrja01,520.0,528.0,1057.0,0.49195837275307475,1918.0,1929.0,7.0,4.857142857142857
hengled99,34.0,39.0,74.0,0.4594594594594595,1884.0,1884.0,1.0,5.0
hermabi01,189.0,274.0,465.0,0.4064516129032258,1947.0,1966.0,4.0,8.25
herzobu01,165.0,226.0,401.0,0.4114713216957606,1914.0,1916.0,3.0,7.333333333333333
herzowh01,1281.0,1125.0,2409.0,0.5317559153175592,1973.0,1990.0,18.0,2.888888888888889
hewetwa99,10.0,29.0,40.0,0.25,1888.0,1888.0,1.0,8.0
hicksna01,30.0,38.0,71.0,0.4225352112676056,1875.0,1875.0,1.0,7.0
higgipi01,560.0,556.0,1119.0,0.5004468275245755,1955.0,1962.0,8.0,5.375
highadi01,29.0,11.0,40.0,0.725,1874.0,1874.0,1.0,2.0
hillmtr99,152.0,207.0,359.0,0.4233983286908078,2008.0,2010.0,3.0,4.333333333333333
himslve99,10.0,21.0,32.0,0.3125,1961.0,1961.0,3.0,6.666666666666667
hinchaj01,570.0,452.0,1022.0,0.5577299412915852,2009.0,2019.0,7.0,2.5714285714285716
hitchbi01,274.0,261.0,535.0,0.5121495327102804,1960.0,1967.0,5.0,5.8
hobsobu01,207.0,232.0,439.0,0.4715261958997722,1992.0,1994.0,3.0,5.333333333333333
hodgegi01,660.0,753.0,1414.0,0.4667609618104668,1963.0,1971.0,9.0,6.333333333333333
hoeyfr99,31.0,55.0,87.0,0.3563218390804598,1899.0,1899.0,1.0,10.0
hoffmgl01,47.0,41.0,88.0,0.5340909090909091,1998.0,1998.0,1.0,3.0
holbebi01,0.0,1.0,1.0,0.0,1879.0,1879.0,1.0,7.0
holliho01,16.0,66.0,82.0,0.1951219512195122,1875.0,1884.0,2.0,11.0
holmeto01,61.0,69.0,130.0,0.46923076923076923,1951.0,1952.0,2.0,5.5
hornsro01,701.0,812.0,1530.0,0.45816993464052286,1925.0,1953.0,15.0,5.066666666666666
houkra01,1619.0,1531.0,3157.0,0.5128286347798543,1961.0,1984.0,20.0,4.35
howarfr01,93.0,133.0,226.0,0.41150442477876104,1981.0,1983.0,2.0,6.0
howear01,1129.0,1137.0,2266.0,0.4982347749338041,1989.0,2004.0,14.0,3.357142857142857
howleda01,397.0,524.0,926.0,0.4287257019438445,1927.0,1932.0,6.0,6.166666666666667
howsedi01,507.0,425.0,933.0,0.5434083601286174,1978.0,1986.0,8.0,1.5
huffge99,2.0,6.0,8.0,0.25,1907.0,1907.0,1.0,7.0
huggimi01,1413.0,1134.0,2570.0,0.5498054474708172,1913.0,1929.0,17.0,3.176470588235294
huntebi03,146.0,108.0,254.0,0.5748031496062992,1977.0,1978.0,2.0,2.0
hurdlcl01,1269.0,1345.0,2615.0,0.4852772466539197,2002.0,2019.0,17.0,3.588235294117647
hurstti99,39.0,111.0,154.0,0.2532467532467532,1898.0,1898.0,1.0,12.0
hutchfr01,830.0,827.0,1666.0,0.49819927971188477,1952.0,1964.0,13.0,4.153846153846154
hydebr99,54.0,109.0,163.0,0.3312883435582822,2011.0,2019.0,2.0,5.0
irwinar01,416.0,427.0,863.0,0.4820393974507532,1889.0,1899.0,8.0,6.5
jennida99,55.0,69.0,124.0,0.4435483870967742,2015.0,2015.0,1.0,3.0
jennihu01,1184.0,995.0,2203.0,0.5374489332728098,1907.0,1925.0,16.0,3.375
johnsda01,472.0,590.0,1063.0,0.44402634054562556,1974.0,1982.0,8.0,4.875
johnsda02,1372.0,1071.0,2446.0,0.5609157808667212,1984.0,2013.0,17.0,1.9411764705882353
johnsro01,0.0,1.0,1.0,0.0,1944.0,1944.0,1.0,4.0
johnsti01,88.0,74.0,162.0,0.5432098765432098,1998.0,1998.0,1.0,3.0
johnswa01,529.0,432.0,966.0,0.5476190476190477,1929.0,1935.0,7.0,3.2857142857142856
jonesfi01,683.0,582.0,1297.0,0.5265998457979953,1904.0,1918.0,10.0,3.9
joosted01,51.0,103.0,156.0,0.3269230769230769,1954.0,1954.0,1.0,8.0
jorgemi01,42.0,54.0,96.0,0.4375,1995.0,1995.0,1.0,4.0
joycebi01,179.0,122.0,316.0,0.5664556962025317,1896.0,1898.0,4.0,6.0
jurgebi01,59.0,63.0,122.0,0.48360655737704916,1959.0,1960.0,2.0,6.0
kaplega01,161.0,163.0,324.0,0.49691358024691357,2018.0,2019.0,2.0,3.5
kaskoed01,345.0,295.0,640.0,0.5390625,1970.0,1973.0,4.0,2.5
keanejo99,398.0,350.0,749.0,0.5313751668891856,1961.0,1966.0,6.0,5.0
kellejo01,338.0,321.0,669.0,0.5052316890881914,1902.0,1908.0,5.0,4.4
kellyjo01,86.0,89.0,178.0,0.48314606741573035,1887.0,1888.0,2.0,5.5
kellyki01,173.0,148.0,330.0,0.5242424242424243,1887.0,1891.0,3.0,4.333333333333333
kellyto01,1140.0,1244.0,2386.0,0.47778709136630343,1986.0,2001.0,16.0,3.9375
kennebo01,264.0,278.0,545.0,0.48440366972477067,1963.0,1968.0,4.0,7.25
kenneji99,26.0,73.0,100.0,0.26,1890.0,1890.0,1.0,9.0
kenneke99,309.0,273.0,582.0,0.5309278350515464,1993.0,1996.0,4.0,1.75
kerinjo01,12.0,12.0,24.0,0.5,1888.0,1890.0,2.0,5.0
kerrijo01,17.0,26.0,43.0,0.3953488372093023,2001.0,2001.0,1.0,2.0
kessido01,46.0,60.0,106.0,0.4339622641509434,1979.0,1979.0,1.0,5.0
killebi01,524.0,622.0,1149.0,0.4560487380330722,1921.0,1933.0,9.0,6.0
kimmbr01,33.0,45.0,78.0,0.4230769230769231,2002.0,2002.0,1.0,5.0
kingcl01,234.0,229.0,464.0,0.5043103448275862,1969.0,1982.0,5.0,3.6
kittrma01,1.0,16.0,18.0,0.05555555555555555,1904.0,1904.0,1.0,8.0
kleinlo01,65.0,82.0,147.0,0.4421768707482993,1961.0,1965.0,3.0,8.0
klingjo01,52.0,101.0,155.0,0.33548387096774196,1912.0,1912.0,1.0,8.0
knabeot01,131.0,177.0,315.0,0.4158730158730159,1914.0,1915.0,2.0,5.5
knighlo01,127.0,78.0,207.0,0.6135265700483091,1883.0,1884.0,2.0,4.0
knighra01,125.0,137.0,262.0,0.4770992366412214,1996.0,2003.0,3.0,3.6666666666666665
krolja99,1.0,2.0,3.0,0.3333333333333333,1978.0,1980.0,2.0,4.5
kuehlka99,43.0,85.0,128.0,0.3359375,1976.0,1976.0,1.0,6.0
kuennha01,160.0,118.0,279.0,0.5734767025089605,1975.0,1983.0,3.0,3.6666666666666665
kuheljo01,106.0,201.0,308.0,0.34415584415584416,1948.0,1949.0,2.0,7.5
lachema01,161.0,170.0,331.0,0.486404833836858,1994.0,1996.0,3.0,3.3333333333333335
lachere01,428.0,560.0,988.0,0.4331983805668016,1981.0,2002.0,9.0,5.111111111111111
lajoina01,377.0,309.0,700.0,0.5385714285714286,1905.0,1909.0,6.0,4.166666666666667
lakefr01,163.0,180.0,349.0,0.4670487106017192,1908.0,1910.0,3.0,5.333333333333333
lamonge01,553.0,562.0,1115.0,0.4959641255605381,1992.0,2000.0,8.0,3.0
lanieha01,254.0,232.0,486.0,0.522633744855967,1986.0,1988.0,3.0,3.0
larkihe01,34.0,45.0,79.0,0.43037974683544306,1890.0,1890.0,1.0,7.0
larusto01,2728.0,2365.0,5096.0,0.5353218210361067,1979.0,2011.0,34.0,2.676470588235294
lasorto01,1599.0,1439.0,3041.0,0.5258138770141401,1976.0,1996.0,21.0,2.380952380952381
lathaar01,0.0,3.0,3.0,0.0,1896.0,1896.0,1.0,11.0
lathaju01,45.0,48.0,93.0,0.4838709677419355,1875.0,1882.0,2.0,5.0
lavagco01,271.0,384.0,657.0,0.4124809741248097,1957.0,1961.0,6.0,7.166666666666667
lawleto01,11.0,13.0,24.0,0.4583333333333333,2014.0,2014.0,1.0,4.0
leadlbo99,76.0,86.0,166.0,0.4578313253012048,1888.0,1891.0,3.0,5.666666666666667
lefebji01,417.0,442.0,859.0,0.48544819557625146,1989.0,1999.0,6.0,4.833333333333333
lemonbo01,430.0,403.0,833.0,0.5162064825930373,1970.0,1982.0,9.0,3.7777777777777777
lemonji01,65.0,96.0,161.0,0.40372670807453415,1968.0,1968.0,1.0,10.0
lennobi01,5.0,9.0,14.0,0.35714285714285715,1871.0,1871.0,1.0,8.0
leylaji99,1769.0,1728.0,3499.0,0.5055730208631037,1986.0,2013.0,22.0,3.0454545454545454
leyvani99,148.0,189.0,338.0,0.4378698224852071,1989.0,1991.0,3.0,4.333333333333333
lillibo01,276.0,261.0,537.0,0.5139664804469274,1982.0,1985.0,4.0,3.5
liponjo01,18.0,41.0,59.0,0.3050847457627119,1971.0,1971.0,1.0,6.0
littlgr99,358.0,290.0,648.0,0.5524691358024691,2002.0,2007.0,4.0,2.5
loberha01,42.0,111.0,153.0,0.27450980392156865,1938.0,1942.0,2.0,8.0
lockmwh01,157.0,162.0,319.0,0.49216300940438873,1972.0,1974.0,3.0,4.333333333333333
loftuto01,454.0,580.0,1055.0,0.43033175355450237,1884.0,1903.0,9.0,5.666666666666667
lopated01,90.0,124.0,214.0,0.4205607476635514,1963.0,1964.0,2.0,9.0
lopesda01,144.0,195.0,340.0,0.4235294117647059,2000.0,2002.0,3.0,4.333333333333333
lopezal01,1410.0,1004.0,2425.0,0.5814432989690722,1951.0,1969.0,18.0,3.0555555555555554
lordha01,60.0,49.0,110.0,0.5454545454545454,1915.0,1915.0,1.0,6.0
lovulto01,260.0,225.0,485.0,0.5360824742268041,2017.0,2019.0,3.0,2.3333333333333335
lowebo01,30.0,44.0,78.0,0.38461538461538464,1904.0,1904.0,1.0,7.0
lucchfr99,316.0,399.0,715.0,0.44195804195804195,1970.0,1987.0,7.0,4.571428571428571
lumleha01,55.0,98.0,155.0,0.3548387096774194,1909.0,1909.0,1.0,6.0
lyonste01,185.0,245.0,434.0,0.42626728110599077,1946.0,1948.0,3.0,6.333333333333333
machake01,525.0,447.0,972.0,0.5401234567901234,2003.0,2010.0,6.0,2.0
mackape01,227.0,291.0,518.0,0.43822393822393824,2005.0,2017.0,5.0,5.0
mackco01,3731.0,3948.0,7755.0,0.4811089619600258,1894.0,1950.0,53.0,4.962264150943396
mackde01,42.0,38.0,80.0,0.525,1882.0,1882.0,1.0,3.0
mackea01,45.0,77.0,125.0,0.36,1937.0,1939.0,2.0,7.0
maculji01,5.0,21.0,27.0,0.18518518518518517,1879.0,1879.0,1.0,7.0
maddojo99,1252.0,1098.0,2321.0,0.5394226626454115,1996.0,2019.0,16.0,2.75
mageele01,53.0,64.0,118.0,0.4491525423728814,1915.0,1915.0,1.0,7.0
malonfe01,47.0,66.0,113.0,0.415929203539823,1873.0,1884.0,3.0,5.0
mannija01,7.0,12.0,20.0,0.35,1877.0,1877.0,1.0,6.0
manniji01,61.0,73.0,138.0,0.4420289855072464,1901.0,1901.0,1.0,6.0
manuech01,1000.0,826.0,1826.0,0.547645125958379,2000.0,2013.0,12.0,1.8333333333333333
manueje01,704.0,684.0,1388.0,0.5072046109510087,1998.0,2010.0,9.0,2.4444444444444446
maranra01,23.0,30.0,53.0,0.4339622641509434,1925.0,1925.0,1.0,8.0
marioma01,356.0,372.0,731.0,0.48700410396716826,1951.0,1956.0,6.0,4.5
marshji01,229.0,326.0,555.0,0.4126126126126126,1974.0,1979.0,4.0,5.75
martibi02,1253.0,1013.0,2267.0,0.5527128363475959,1969.0,1988.0,18.0,2.5555555555555554
martibu01,100.0,115.0,215.0,0.46511627906976744,2001.0,2002.0,2.0,3.0
martida01,175.0,149.0,324.0,0.5401234567901234,2018.0,2019.0,2.0,2.0
martima01,0.0,1.0,1.0,0.0,1986.0,1986.0,1.0,7.0
masonch01,38.0,40.0,82.0,0.4634146341463415,1887.0,1887.0,1.0,5.0
mathech01,164.0,176.0,346.0,0.47398843930635837,1916.0,1918.0,3.0,4.666666666666667
matheed01,149.0,161.0,311.0,0.4790996784565916,1972.0,1974.0,3.0,4.0
mathemi01,591.0,474.0,1065.0,0.5549295774647888,2012.0,2018.0,7.0,1.8571428571428572
mattibo01,104.0,164.0,268.0,0.3880597014925373,1980.0,1981.0,2.0,7.0
mattido01,722.0,733.0,1455.0,0.4962199312714777,2011.0,2019.0,9.0,2.5555555555555554
mauchge01,1902.0,2037.0,3942.0,0.4824961948249619,1960.0,1987.0,26.0,4.576923076923077
mazzile01,129.0,140.0,269.0,0.4795539033457249,2004.0,2005.0,2.0,3.5
mcaleji01,735.0,889.0,1658.0,0.44330518697225574,1901.0,1911.0,11.0,5.909090909090909
mcbridi01,161.0,85.0,252.0,0.6388888888888888,1871.0,1875.0,5.0,2.4
mcbrige01,80.0,73.0,154.0,0.5194805194805194,1921.0,1921.0,1.0,4.0
mccalja99,66.0,87.0,153.0,0.43137254901960786,1927.0,1927.0,1.0,6.0
mccarjo99,2125.0,1333.0,3487.0,0.6094063665041582,1926.0,1950.0,24.0,2.0833333333333335
mccarto01,15.0,12.0,27.0,0.5555555555555556,1890.0,1890.0,2.0,3.0
mcclell01,499.0,607.0,1106.0,0.4511754068716094,2001.0,2015.0,7.0,4.571428571428571
mcclojo99,190.0,417.0,615.0,0.3089430894308943,1895.0,1908.0,5.0,9.4
mccorji01,74.0,96.0,171.0,0.4327485380116959,1879.0,1882.0,3.0,4.666666666666667
mcewijo01,2.0,2.0,4.0,0.5,2018.0,2018.0,1.0,4.0
mcgahme99,123.0,173.0,297.0,0.41414141414141414,1962.0,1965.0,3.0,8.666666666666666
mcgeami01,46.0,41.0,90.0,0.5111111111111111,1875.0,1881.0,3.0,4.666666666666667
mcgrajo01,2763.0,1948.0,4769.0,0.5793667435521074,1899.0,1932.0,36.0,2.7777777777777777
mcguide01,210.0,287.0,516.0,0.4069767441860465,1898.0,1911.0,6.0,6.166666666666667
mcgunbi01,327.0,248.0,586.0,0.5580204778156996,1888.0,1896.0,5.0,4.8
mcinnst01,51.0,103.0,155.0,0.32903225806451614,1927.0,1927.0,1.0,8.0
mckecbi01,1896.0,1723.0,3647.0,0.5198793528927886,1915.0,1946.0,25.0,3.96
mckeoja99,1051.0,990.0,2042.0,0.5146914789422136,1973.0,2011.0,16.0,3.5
mckinal01,6.0,32.0,39.0,0.15384615384615385,1885.0,1885.0,1.0,8.0
mcknide99,4.0,8.0,12.0,0.3333333333333333,1884.0,1884.0,1.0,10.0
mclarjo99,70.0,89.0,159.0,0.44025157232704404,2007.0,2011.0,3.0,3.0
mcmange99,34.0,34.0,68.0,0.5,1876.0,1877.0,2.0,3.0
mcmanma01,95.0,153.0,248.0,0.38306451612903225,1932.0,1933.0,2.0,7.5
mcmilro01,27.0,28.0,55.0,0.4909090909090909,1972.0,1975.0,2.0,4.5
mcnamjo99,1160.0,1233.0,2395.0,0.48434237995824636,1969.0,1996.0,19.0,3.6842105263157894
mcphebi01,79.0,124.0,207.0,0.38164251207729466,1901.0,1902.0,2.0,6.0
mcraeha01,399.0,473.0,872.0,0.45756880733944955,1991.0,2002.0,6.0,4.5
mcveyca01,91.0,64.0,157.0,0.5796178343949044,1873.0,1879.0,3.0,3.3333333333333335
melesa01,524.0,436.0,963.0,0.5441329179646937,1961.0,1967.0,8.0,3.75
melilsk01,2.0,7.0,10.0,0.2,1938.0,1938.0,1.0,7.0
melvibo01,1224.0,1172.0,2396.0,0.5108514190317195,2003.0,2019.0,16.0,2.875
merrist99,120.0,155.0,275.0,0.43636363636363634,1990.0,1991.0,2.0,6.0
metroch01,62.0,102.0,164.0,0.3780487804878049,1962.0,1970.0,2.0,6.5
meyerbi01,317.0,452.0,774.0,0.4095607235142119,1948.0,1952.0,5.0,6.6
michage01,206.0,200.0,406.0,0.5073891625615764,1981.0,1987.0,4.0,4.25
milancl01,69.0,85.0,154.0,0.44805194805194803,1922.0,1922.0,1.0,6.0
mileyda99,125.0,164.0,289.0,0.43252595155709345,2003.0,2005.0,3.0,5.0
milledo01,56.0,76.0,133.0,0.42105263157894735,1894.0,1894.0,1.0,9.0
millejo01,0.0,11.0,11.0,0.0,1872.0,1872.0,1.0,11.0
millera99,266.0,297.0,563.0,0.4724689165186501,1985.0,1999.0,4.0,4.5
millsbr01,171.0,274.0,445.0,0.3842696629213483,2010.0,2012.0,3.0,5.333333333333333
millsbu01,4.0,4.0,8.0,0.5,1953.0,1953.0,1.0,6.0
millsev01,8.0,6.0,17.0,0.47058823529411764,1872.0,1872.0,1.0,2.0
mitchfr01,494.0,543.0,1044.0,0.4731800766283525,1917.0,1923.0,7.0,4.857142857142857
mizerjo01,5.0,8.0,13.0,0.38461538461538464,2002.0,2002.0,1.0,4.0
molitpa01,305.0,343.0,648.0,0.470679012345679,2015.0,2018.0,4.0,2.75
montoch01,67.0,95.0,162.0,0.41358024691358025,2019.0,2019.0,1.0,4.0
mooreja01,163.0,190.0,353.0,0.46175637393767704,1984.0,1986.0,3.0,4.0
moorete01,35.0,42.0,77.0,0.45454545454545453,1954.0,1954.0,1.0,4.0
moranpa01,748.0,586.0,1344.0,0.5565476190476191,1915.0,1923.0,9.0,2.7777777777777777
morgajo01,301.0,262.0,563.0,0.5346358792184724,1988.0,1991.0,4.0,2.0
moriage02,150.0,157.0,310.0,0.4838709677419355,1927.0,1928.0,2.0,5.0
morrijo01,348.0,334.0,696.0,0.5,1882.0,1889.0,8.0,4.25
mortoch01,121.0,153.0,282.0,0.42907801418439717,1884.0,1890.0,3.0,6.0
mosesfe99,12.0,30.0,46.0,0.2608695652173913,1884.0,1884.0,1.0,10.0
mossle01,39.0,50.0,89.0,0.43820224719101125,1968.0,1979.0,3.0,7.0
murnati01,58.0,51.0,111.0,0.5225225225225225,1884.0,1884.0,1.0,5.0
murphpa99,42.0,54.0,96.0,0.4375,2015.0,2015.0,1.0,4.0
murrabi99,240.0,214.0,458.0,0.5240174672489083,1907.0,1909.0,3.0,4.0
murtada01,1115.0,950.0,2068.0,0.5391682785299806,1957.0,1976.0,15.0,3.533333333333333
muserto01,317.0,431.0,748.0,0.42379679144385024,1997.0,2002.0,6.0,4.166666666666667
mutriji99,658.0,419.0,1114.0,0.5906642728904847,1883.0,1891.0,9.0,2.7777777777777777
myattge01,20.0,35.0,55.0,0.36363636363636365,1968.0,1969.0,2.0,6.0
myershe01,19.0,54.0,74.0,0.25675675675675674,1882.0,1882.0,1.0,6.0
narroje01,291.0,342.0,634.0,0.4589905362776025,2001.0,2018.0,6.0,4.166666666666667
nashbi01,62.0,68.0,130.0,0.47692307692307695,1896.0,1896.0,1.0,8.0
neunjo01,125.0,143.0,268.0,0.4664179104477612,1946.0,1948.0,3.0,5.0
newmaje01,2.0,8.0,10.0,0.2,1986.0,1986.0,1.0,3.0
nichoki01,80.0,88.0,169.0,0.47337278106508873,1904.0,1905.0,2.0,5.5
nicolhu01,8.0,32.0,40.0,0.2,1897.0,1897.0,1.0,12.0
nixonru01,231.0,347.0,579.0,0.39896373056994816,1982.0,1990.0,5.0,6.0
normabi01,58.0,64.0,122.0,0.47540983606557374,1958.0,1959.0,2.0,4.5
oakesre01,147.0,145.0,299.0,0.4916387959866221,1914.0,1915.0,2.0,5.0
oatesjo01,797.0,746.0,1544.0,0.5161917098445595,1991.0,2001.0,11.0,2.8181818181818183
oconnja01,47.0,107.0,158.0,0.2974683544303797,1910.0,1910.0,1.0,8.0
odayha01,153.0,154.0,311.0,0.4919614147909968,1912.0,1914.0,2.0,4.0
ofarrbo01,122.0,121.0,244.0,0.5,1927.0,1934.0,2.0,5.0
olearda01,20.0,15.0,35.0,0.5714285714285714,1884.0,1884.0,1.0,3.0
oneilst01,1040.0,821.0,1879.0,0.5534858967535924,1935.0,1954.0,14.0,3.357142857142857
onsloja01,71.0,113.0,185.0,0.3837837837837838,1949.0,1950.0,2.0,6.0
orourji01,246.0,258.0,510.0,0.4823529411764706,1881.0,1893.0,5.0,5.2
orrda01,3.0,5.0,8.0,0.375,1887.0,1887.0,1.0,7.0
ottme01,464.0,530.0,1004.0,0.46215139442231074,1942.0,1948.0,7.0,5.428571428571429
owenspa99,161.0,158.0,319.0,0.5047021943573667,1972.0,1984.0,3.0,3.6666666666666665
ozarkda99,618.0,542.0,1161.0,0.5322997416020672,1973.0,1984.0,8.0,3.0
paborch01,13.0,64.0,77.0,0.16883116883116883,1871.0,1875.0,3.0,9.333333333333334
parkesa01,5.0,7.0,12.0,0.4166666666666667,1967.0,1972.0,2.0,6.0
parksbi01,1.0,7.0,8.0,0.125,1875.0,1875.0,1.0,10.0
parrila01,82.0,104.0,186.0,0.44086021505376344,1998.0,1999.0,2.0,4.0
pearcdi01,49.0,35.0,88.0,0.5568181818181818,1872.0,1875.0,2.0,3.5
peckiro01,500.0,491.0,995.0,0.5025125628140703,1914.0,1941.0,8.0,4.625
pedrial01,22.0,61.0,83.0,0.26506024096385544,2004.0,2004.0,1.0,5.0
penato01,198.0,285.0,483.0,0.40993788819875776,2002.0,2005.0,4.0,4.25
perezto01,74.0,84.0,158.0,0.46835443037974683,1993.0,2001.0,2.0,4.5
perkicy01,6.0,9.0,15.0,0.4,1937.0,1937.0,1.0,2.0
perlosa01,122.0,164.0,286.0,0.42657342657342656,2005.0,2007.0,3.0,4.333333333333333
peskyjo01,147.0,179.0,326.0,0.450920245398773,1963.0,1980.0,3.0,6.333333333333333
pfefffr01,42.0,56.0,100.0,0.42,1892.0,1892.0,1.0,9.0
phelale99,11.0,30.0,45.0,0.24444444444444444,1895.0,1895.0,1.0,11.0
phillbi02,114.0,92.0,210.0,0.5428571428571428,1914.0,1915.0,2.0,3.0
phillho99,338.0,415.0,765.0,0.4418300653594771,1879.0,1889.0,8.0,5.75
phillle99,222.0,225.0,448.0,0.4955357142857143,1969.0,1971.0,3.0,3.3333333333333335
pikeli01,20.0,51.0,71.0,0.28169014084507044,1871.0,1877.0,3.0,6.333333333333333
pinielo01,1835.0,1713.0,3548.0,0.5171927846674182,1986.0,2010.0,23.0,2.8260869565217392
plummbi01,64.0,98.0,162.0,0.3950617283950617,1992.0,1992.0,1.0,7.0
popowed99,6.0,4.0,10.0,0.6,1969.0,1973.0,2.0,2.5
portebo03,110.0,190.0,300.0,0.36666666666666664,2013.0,2014.0,2.0,4.5
portema01,3.0,13.0,16.0,0.1875,1884.0,1884.0,1.0,8.0
powerpa99,134.0,143.0,286.0,0.46853146853146854,1890.0,1892.0,2.0,5.5
prattal01,51.0,59.0,111.0,0.4594594594594595,1882.0,1883.0,2.0,5.5
pricebr99,279.0,387.0,666.0,0.4189189189189189,2014.0,2018.0,5.0,4.8
priceji99,56.0,42.0,100.0,0.56,1884.0,1884.0,1.0,4.0
princto01,0.0,1.0,1.0,0.0,2019.0,2019.0,1.0,5.0
prothdo01,138.0,320.0,460.0,0.3,1939.0,1941.0,3.0,8.0
pujollu01,55.0,100.0,155.0,0.3548387096774194,2002.0,2002.0,1.0,5.0
purcebl01,13.0,68.0,82.0,0.15853658536585366,1883.0,1883.0,1.0,8.0
quademi99,95.0,104.0,199.0,0.47738693467336685,2010.0,2011.0,2.0,5.0
queenme02,4.0,1.0,5.0,0.8,1997.0,1997.0,1.0,5.0
quilifr01,280.0,287.0,568.0,0.49295774647887325,1972.0,1975.0,4.0,3.25
quinnjo02,23.0,132.0,156.0,0.14743589743589744,1895.0,1899.0,2.0,11.5
raderdo02,388.0,417.0,806.0,0.4813895781637717,1983.0,1991.0,7.0,5.142857142857143
randowi01,302.0,253.0,555.0,0.5441441441441441,2005.0,2008.0,4.0,2.25
rappve99,140.0,160.0,300.0,0.4666666666666667,1977.0,1984.0,3.0,4.333333333333333
reachal01,4.0,7.0,11.0,0.36363636363636365,1890.0,1890.0,1.0,3.0
redmomi01,155.0,208.0,363.0,0.42699724517906334,2013.0,2017.0,4.0,4.0
reganph01,71.0,73.0,144.0,0.4930555555555556,1995.0,1995.0,1.0,3.0
renteri01,272.0,371.0,643.0,0.4230171073094868,2014.0,2019.0,4.0,4.0
ricede01,75.0,80.0,155.0,0.4838709677419355,1972.0,1972.0,1.0,5.0
richada01,12.0,31.0,43.0,0.27906976744186046,1892.0,1892.0,1.0,12.0
richapa01,923.0,901.0,1837.0,0.502449646162221,1951.0,1976.0,12.0,4.5
rickebr01,597.0,664.0,1277.0,0.46750195771339076,1913.0,1925.0,10.0,5.2
riddogr99,200.0,194.0,394.0,0.5076142131979695,1990.0,1992.0,3.0,3.6666666666666665
rigglji99,726.0,904.0,1631.0,0.4451256897608829,1992.0,2018.0,13.0,4.3076923076923075
rignebi01,1239.0,1321.0,2561.0,0.48379539242483405,1956.0,1976.0,18.0,5.0
ripkeca99,68.0,101.0,169.0,0.40236686390532544,1985.0,1988.0,3.0,5.666666666666667
roberda07,393.0,257.0,650.0,0.6046153846153847,2015.0,2019.0,5.0,1.6
robinfr02,1065.0,1176.0,2242.0,0.4750223015165031,1975.0,2006.0,16.0,4.4375
robinwi01,1399.0,1398.0,2819.0,0.4962752749201845,1902.0,1931.0,19.0,4.894736842105263
robisst99,19.0,31.0,50.0,0.38,1905.0,1905.0,1.0,6.0
rodgebu01,784.0,774.0,1559.0,0.5028864656831302,1980.0,1994.0,16.0,3.75
rodried02,78.0,85.0,163.0,0.4785276073619632,2010.0,2011.0,2.0,4.0
roeniro01,342.0,331.0,673.0,0.5081723625557206,2011.0,2015.0,5.0,3.2
rogerji01,17.0,24.0,44.0,0.38636363636363635,1897.0,1897.0,1.0,11.0
rojasco01,76.0,79.0,155.0,0.49032258064516127,1988.0,1996.0,2.0,3.5
rolfere01,278.0,256.0,539.0,0.5157699443413729,1949.0,1952.0,4.0,4.75
rosemch01,7.0,8.0,15.0,0.4666666666666667,1890.0,1890.0,1.0,3.0
rosepe01,412.0,373.0,786.0,0.5241730279898219,1984.0,1989.0,7.0,2.857142857142857
rothsla01,205.0,294.0,499.0,0.41082164328657317,1998.0,2001.0,4.0,5.0
roweda01,44.0,127.0,176.0,0.25,1886.0,1888.0,2.0,7.5
roweja01,27.0,72.0,100.0,0.27,1890.0,1890.0,2.0,8.0
rowlapa99,339.0,247.0,591.0,0.5736040609137056,1915.0,1918.0,4.0,3.0
roystje01,53.0,94.0,147.0,0.36054421768707484,2002.0,2002.0,1.0,6.0
ruelmu01,59.0,95.0,154.0,0.38311688311688313,1947.0,1947.0,1.0,8.0
runnepe01,8.0,8.0,16.0,0.5,1966.0,1966.0,1.0,9.0
runneto01,68.0,81.0,149.0,0.4563758389261745,1991.0,1992.0,2.0,4.0
russebi01,173.0,149.0,322.0,0.5372670807453416,1996.0,1998.0,3.0,2.3333333333333335
russejo02,186.0,299.0,485.0,0.3835051546391753,2008.0,2010.0,3.0,6.0
ryanco01,11.0,22.0,33.0,0.3333333333333333,1975.0,1977.0,2.0,3.5
samueju01,17.0,34.0,51.0,0.3333333333333333,2010.0,2010.0,1.0,5.0
sandbry01,119.0,159.0,278.0,0.42805755395683454,2013.0,2015.0,3.0,4.666666666666667
sawyeed99,390.0,423.0,817.0,0.4773561811505508,1948.0,1960.0,8.0,5.375
scanlmi99,60.0,132.0,196.0,0.30612244897959184,1884.0,1886.0,2.0,7.5
schaebo99,6.0,12.0,18.0,0.3333333333333333,1991.0,2005.0,2.0,5.5
schalra01,102.0,125.0,228.0,0.4473684210526316,1927.0,1928.0,2.0,5.0
schefbo01,418.0,427.0,849.0,0.4923439340400471,1957.0,1963.0,6.0,5.166666666666667
schlala01,93.0,99.0,197.0,0.4720812182741117,1914.0,1915.0,2.0,5.0
schmegu99,624.0,703.0,1357.0,0.45983787767133383,1884.0,1897.0,12.0,5.75
schoere01,1041.0,955.0,1999.0,0.5207603801900951,1965.0,1990.0,14.0,3.7142857142857144
schuljo05,78.0,112.0,191.0,0.4083769633507853,1969.0,1973.0,2.0,4.5
sciosmi01,1650.0,1428.0,3078.0,0.5360623781676414,2000.0,2018.0,19.0,2.263157894736842
seleefr99,1284.0,862.0,2180.0,0.5889908256880734,1890.0,1905.0,16.0,2.9375
servasc01,321.0,327.0,648.0,0.49537037037037035,2016.0,2019.0,4.0,3.5
sewellu01,606.0,644.0,1259.0,0.4813343923749007,1941.0,1952.0,10.0,5.1
shannda01,25.0,80.0,109.0,0.22935779816513763,1889.0,1891.0,2.0,8.0
sharsbi99,238.0,216.0,466.0,0.5107296137339056,1886.0,1891.0,5.0,4.8
shawkbo01,86.0,68.0,154.0,0.5584415584415584,1930.0,1930.0,1.0,3.0
sheehto02,46.0,50.0,98.0,0.46938775510204084,1960.0,1960.0,1.0,5.0
shepala99,164.0,155.0,320.0,0.5125,1968.0,1969.0,2.0,4.5
sherrno01,76.0,71.0,147.0,0.5170068027210885,1976.0,1977.0,2.0,4.5
shettbi99,367.0,303.0,677.0,0.5420974889217134,1898.0,1902.0,5.0,4.2
shildmi99,132.0,99.0,231.0,0.5714285714285714,2018.0,2019.0,2.0,2.0
shottbu01,697.0,764.0,1469.0,0.47447243022464264,1928.0,1950.0,11.0,4.818181818181818
showabu99,1551.0,1517.0,3069.0,0.5053763440860215,1992.0,2018.0,20.0,3.1
silveke01,0.0,3.0,3.0,0.0,1967.0,1967.0,1.0,7.0
simmojo01,3.0,28.0,31.0,0.0967741935483871,1875.0,1884.0,2.0,12.0
simmole99,41.0,55.0,98.0,0.41836734693877553,1886.0,1886.0,1.0,6.0
sisledi01,121.0,94.0,215.0,0.5627906976744186,1964.0,1965.0,3.0,2.6666666666666665
sislege01,218.0,241.0,462.0,0.47186147186147187,1924.0,1926.0,3.0,4.666666666666667
skafffr01,40.0,39.0,79.0,0.5063291139240507,1966.0,1966.0,1.0,3.0
skinnbo01,93.0,123.0,216.0,0.4305555555555556,1968.0,1977.0,3.0,5.666666666666667
skinnjo01,35.0,41.0,76.0,0.4605263157894737,2002.0,2002.0,1.0,3.0
slattja01,11.0,20.0,31.0,0.3548387096774194,1928.0,1928.0,1.0,7.0
smithbi01,0.0,5.0,5.0,0.0,1873.0,1873.0,1.0,9.0
smithha03,23.0,54.0,79.0,0.2911392405063291,1909.0,1909.0,1.0,8.0
smithhe01,5.0,27.0,32.0,0.15625,1902.0,1902.0,1.0,8.0
smithma01,662.0,612.0,1279.0,0.5175918686473807,1955.0,1970.0,9.0,4.0
snitkbr99,318.0,292.0,610.0,0.521311475409836,2016.0,2019.0,4.0,2.5
snydeji02,45.0,60.0,105.0,0.42857142857142855,1988.0,1988.0,1.0,7.0
snydepo01,163.0,122.0,288.0,0.5659722222222222,1882.0,1891.0,4.0,4.25
sothoal01,2.0,6.0,8.0,0.25,1933.0,1933.0,1.0,8.0
southbi01,1044.0,704.0,1770.0,0.5898305084745763,1929.0,1951.0,13.0,2.6153846153846154
spaldal01,78.0,47.0,126.0,0.6190476190476191,1876.0,1877.0,2.0,3.0
speaktr01,617.0,520.0,1139.0,0.5417032484635645,1919.0,1926.0,8.0,3.25
speiech01,2.0,0.0,2.0,1.0,2017.0,2017.0,1.0,1.0
spencha99,50.0,85.0,136.0,0.36764705882352944,1888.0,1888.0,1.0,7.0
stahlch01,14.0,26.0,40.0,0.35,1906.0,1906.0,1.0,8.0
stahlja01,263.0,270.0,540.0,0.48703703703703705,1905.0,1913.0,4.0,4.75
stallge01,879.0,898.0,1813.0,0.48483177054605625,1897.0,1920.0,13.0,4.846153846153846
stanked01,467.0,435.0,906.0,0.5154525386313465,1952.0,1977.0,8.0,4.625
startjo01,18.0,7.0,25.0,0.72,1873.0,1873.0,1.0,4.0
stengca01,1905.0,1842.0,3766.0,0.5058417419012214,1934.0,1965.0,25.0,4.48
stovage01,313.0,376.0,698.0,0.4484240687679083,1911.0,1915.0,5.0,5.6
stoveha01,63.0,75.0,140.0,0.45,1881.0,1885.0,2.0,6.0
streega01,365.0,332.0,702.0,0.51994301994302,1929.0,1938.0,6.0,4.0
striccu01,6.0,17.0,23.0,0.2608695652173913,1892.0,1892.0,1.0,9.0
stricge01,48.0,63.0,112.0,0.42857142857142855,1964.0,1966.0,2.0,5.5
stubimo01,0.0,8.0,8.0,0.0,1988.0,1988.0,1.0,4.0
sukefcl01,2.0,0.0,2.0,1.0,1947.0,1947.0,1.0,1.0
sullibi03,78.0,74.0,159.0,0.49056603773584906,1909.0,1909.0,1.0,4.0
sulliha02,54.0,82.0,136.0,0.39705882352941174,1965.0,1965.0,1.0,10.0
sullipa99,2.0,1.0,3.0,0.6666666666666666,1890.0,1890.0,1.0,2.0
sullite01,132.0,132.0,268.0,0.4925373134328358,1883.0,1888.0,4.0,4.75
sveumda01,134.0,202.0,336.0,0.39880952380952384,2008.0,2013.0,3.0,4.0
sweasch01,4.0,15.0,19.0,0.21052631578947367,1875.0,1875.0,1.0,8.0
swiftbo01,56.0,43.0,99.0,0.5656565656565656,1965.0,1966.0,2.0,3.5
tannech01,1352.0,1381.0,2738.0,0.493791088385683,1970.0,1988.0,19.0,3.8947368421052633
tappeel01,46.0,70.0,117.0,0.39316239316239315,1961.0,1962.0,4.0,7.5
tayloge99,40.0,64.0,109.0,0.3669724770642202,1884.0,1884.0,1.0,9.0
tayloza02,235.0,410.0,649.0,0.362095531587057,1946.0,1951.0,5.0,7.0
tebbebi01,748.0,705.0,1455.0,0.5140893470790378,1954.0,1966.0,11.0,4.7272727272727275
tebeapa01,726.0,583.0,1339.0,0.5421956684092606,1890.0,1900.0,11.0,4.181818181818182
tenacge01,19.0,14.0,33.0,0.5757575757575758,1991.0,1991.0,1.0,1.0
tennefr02,202.0,402.0,616.0,0.32792207792207795,1905.0,1911.0,4.0,7.5
terrybi01,823.0,661.0,1496.0,0.5501336898395722,1932.0,1941.0,10.0,3.3
thomafr99,11.0,18.0,29.0,0.3793103448275862,1887.0,1887.0,1.0,8.0
thompam99,2.0,6.0,9.0,0.2222222222222222,1884.0,1884.0,1.0,9.0
tigheja99,99.0,104.0,203.0,0.4876847290640394,1957.0,1958.0,2.0,4.5
tinkejo01,304.0,308.0,626.0,0.48562300319488816,1913.0,1916.0,4.0,3.75
torboje01,634.0,718.0,1352.0,0.46893491124260356,1977.0,2003.0,11.0,4.818181818181818
torrejo01,2326.0,1997.0,4329.0,0.5373065373065373,1977.0,2010.0,29.0,2.5517241379310347
toscaca99,191.0,191.0,382.0,0.5,2002.0,2004.0,3.0,3.6666666666666665
tracedi01,2.0,0.0,2.0,1.0,1979.0,1979.0,1.0,5.0
tracyji01,856.0,880.0,1736.0,0.4930875576036866,2001.0,2012.0,11.0,3.4545454545454546
trammal01,187.0,302.0,489.0,0.3824130879345603,2003.0,2014.0,4.0,4.5
traynpi01,457.0,406.0,868.0,0.5264976958525346,1934.0,1939.0,6.0,4.0
trebeto99,471.0,461.0,932.0,0.5053648068669528,1986.0,1994.0,7.0,4.571428571428571
trembda99,187.0,283.0,470.0,0.39787234042553193,2007.0,2010.0,4.0,4.75
trottsa01,4.0,7.0,12.0,0.3333333333333333,1891.0,1891.0,1.0,9.0
turnete99,0.0,1.0,1.0,0.0,1977.0,1977.0,1.0,6.0
unglabo01,9.0,20.0,29.0,0.3103448275862069,1907.0,1907.0,1.0,7.0
valenbo02,1186.0,1165.0,2351.0,0.5044661846022969,1985.0,2012.0,16.0,3.8125
vanhage01,1.0,10.0,11.0,0.09090909090909091,1892.0,1892.0,1.0,12.0
varshga01,1.0,1.0,2.0,0.5,2004.0,2004.0,1.0,2.0
venturo01,377.0,435.0,810.0,0.4654320987654321,2012.0,2016.0,5.0,3.8
vernomi01,135.0,227.0,363.0,0.371900826446281,1961.0,1963.0,3.0,9.666666666666666
virdobi01,995.0,921.0,1918.0,0.5187695516162669,1972.0,1984.0,14.0,3.0714285714285716
vittos01,262.0,198.0,462.0,0.5670995670995671,1938.0,1940.0,3.0,2.6666666666666665
vondech99,3.0,14.0,17.0,0.17647058823529413,1895.0,1897.0,3.0,11.333333333333334
vukovjo01,6.0,5.0,11.0,0.5454545454545454,1986.0,1988.0,2.0,5.5
wagnehe01,52.0,102.0,154.0,0.33766233766233766,1930.0,1930.0,1.0,8.0
wagneho01,1.0,4.0,5.0,0.2,1917.0,1917.0,1.0,8.0
wakamdo01,130.0,154.0,284.0,0.45774647887323944,2009.0,2018.0,3.0,4.0
walkeha01,630.0,604.0,1235.0,0.5101214574898786,1955.0,1972.0,9.0,4.888888888888889
wallabo01,62.0,154.0,217.0,0.2857142857142857,1911.0,1937.0,3.0,7.666666666666667
walshed01,1.0,2.0,3.0,0.3333333333333333,1924.0,1924.0,1.0,6.0
walshmi99,68.0,40.0,110.0,0.6181818181818182,1884.0,1884.0,1.0,3.0
waltebu01,81.0,123.0,206.0,0.3932038834951456,1948.0,1949.0,2.0,7.0
waltzjo99,2.0,6.0,8.0,0.25,1892.0,1892.0,1.0,12.0
wardjo01,412.0,320.0,751.0,0.5486018641810919,1880.0,1894.0,7.0,3.2857142857142856
washiro01,664.0,611.0,1275.0,0.5207843137254902,2007.0,2014.0,8.0,2.375
wathajo01,326.0,320.0,646.0,0.5046439628482973,1987.0,1992.0,6.0,4.0
watkibi01,452.0,444.0,914.0,0.49452954048140046,1884.0,1899.0,10.0,6.5
watkiha99,18.0,17.0,35.0,0.5142857142857142,1895.0,1895.0,1.0,9.0
weaveea99,1480.0,1060.0,2541.0,0.5824478551751279,1968.0,1986.0,17.0,2.235294117647059
wedgeer01,774.0,846.0,1620.0,0.4777777777777778,2003.0,2013.0,10.0,3.4
weisswa01,283.0,365.0,648.0,0.4367283950617284,2013.0,2016.0,4.0,4.25
westrwe01,260.0,366.0,627.0,0.41467304625199364,1965.0,1975.0,5.0,7.4
wheelha01,0.0,4.0,4.0,0.0,1884.0,1884.0,1.0,8.0
whitede01,9.0,11.0,20.0,0.45,1872.0,1879.0,2.0,6.0
whitejo01,1.0,0.0,1.0,1.0,1960.0,1960.0,1.0,4.0
whitewa01,9.0,38.0,47.0,0.19148936170212766,1874.0,1874.0,1.0,8.0
whitewi01,44.0,27.0,72.0,0.6111111111111112,1884.0,1884.0,1.0,5.0
wilbede01,1.0,0.0,1.0,1.0,1973.0,1973.0,1.0,6.0
wilheka01,83.0,137.0,221.0,0.3755656108597285,1921.0,1922.0,2.0,7.5
willidi02,1571.0,1451.0,3023.0,0.5196824346675488,1967.0,1988.0,21.0,3.380952380952381
williji03,910.0,790.0,1701.0,0.5349794238683128,1986.0,2004.0,12.0,2.5833333333333335
williji99,110.0,169.0,282.0,0.3900709219858156,1884.0,1888.0,3.0,6.0
willima04,179.0,145.0,324.0,0.5524691358024691,2014.0,2015.0,2.0,1.5
willite01,273.0,364.0,637.0,0.42857142857142855,1969.0,1972.0,4.0,5.25
willsma01,26.0,56.0,83.0,0.3132530120481928,1980.0,1981.0,2.0,6.5
wilsoji01,493.0,735.0,1237.0,0.39854486661277283,1934.0,1944.0,9.0,6.444444444444445
winebo01,16.0,25.0,41.0,0.3902439024390244,1985.0,1985.0,1.0,5.0
wingoiv01,1.0,1.0,2.0,0.5,1916.0,1916.0,1.0,7.0
winklbo99,170.0,213.0,384.0,0.4427083333333333,1973.0,1978.0,4.0,5.75
wolfji01,14.0,51.0,65.0,0.2153846153846154,1889.0,1889.0,1.0,8.0
wolveha01,50.0,102.0,153.0,0.32679738562091504,1912.0,1912.0,1.0,8.0
woodge01,67.0,55.0,125.0,0.536,1891.0,1891.0,1.0,4.0
woodji01,105.0,99.0,206.0,0.5097087378640777,1871.0,1875.0,6.0,4.833333333333333
woodwch01,78.0,84.0,162.0,0.48148148148148145,2019.0,2019.0,1.0,3.0
wotusro01,1.0,1.0,2.0,0.5,2017.0,2017.0,1.0,5.0
wrighal99,14.0,45.0,60.0,0.23333333333333334,1876.0,1876.0,1.0,7.0
wrighge01,59.0,25.0,85.0,0.6941176470588235,1879.0,1879.0,1.0,1.0
wrighha01,1225.0,885.0,2145.0,0.5710955710955711,1871.0,1893.0,24.0,2.9583333333333335
yorkru01,0.0,1.0,1.0,0.0,1959.0,1959.0,1.0,5.0
yorkto01,56.0,37.0,96.0,0.5833333333333334,1878.0,1881.0,2.0,2.5
yosted01,0.0,1.0,1.0,0.0,1963.0,1963.0,1.0,10.0
yostne01,1203.0,1341.0,2544.0,0.47287735849056606,2003.0,2019.0,16.0,3.533333333333333
youngcy01,3.0,3.0,6.0,0.5,1907.0,1907.0,1.0,7.0
youngni99,25.0,53.0,80.0,0.3125,1871.0,1873.0,3.0,6.333333333333333
zimmech01,49.0,86.0,139.0,0.35251798561151076,1903.0,1903.0,1.0,7.0
zimmedo01,885.0,858.0,1744.0,0.507454128440367,1972.0,1991.0,13.0,3.769230769230769
